{
  "checkpoint_path": "checkpoints/latest_patcher_ep0_gs170000_mid_epoch.pt",
  "max_sequence_length": 512,
  "calibration": {
    "benign_file": "scratch/archive_upload/normal.pcap",
    "attack_files": [
      "blackEnergy.pcap",
      "distcc_exec_backdoor.pcap",
      "distcc_exec_backdoor2.pcap",
      "hydra_ftp.pcap",
      "hydra_ftp2.pcap",
      "hydra_ssh.pcap",
      "hydra_ssh2.pcap",
      "java_rmi.pcap",
      "java_rmi2.pcap",
      "mirai.pcap",
      "netbios_ssn.pcap",
      "netbios_ssn2.pcap",
      "replayAttacks.pcap",
      "ruby_drb.pcap",
      "ruby_drb2.pcap",
      "smtp.pcap",
      "smtp22.pcap",
      "tomcat.pcap",
      "tomcat2.pcap",
      "unreallrcd.pcap",
      "unreallrcd2.pcap",
      "vsftpd.pcap",
      "vsftpd2.pcap",
      "zeus.pcap"
    ],
    "num_benign_windows": 13614,
    "num_attack_windows": 314411,
    "auc": 0.3190650807486889,
    "youden": {
      "threshold": 2.203191041946411,
      "tpr": 0.9987150576792797,
      "fpr": 0.9448361980314383
    },
    "target_fpr": {
      "requested": 0.01,
      "threshold": 8.007892608642578,
      "tpr": 0.00030851337898483197,
      "fpr": 0.00991626267078008
    },
    "per_file_mean_score": {
      "benign_calibration": 5.683770704894615,
      "blackEnergy.pcap": 4.436476855487614,
      "distcc_exec_backdoor.pcap": 4.074498214219746,
      "distcc_exec_backdoor2.pcap": 4.074498214219746,
      "hydra_ftp.pcap": 3.2884598972508274,
      "hydra_ftp2.pcap": 3.2884598972508274,
      "hydra_ssh.pcap": 3.2343588345843366,
      "hydra_ssh2.pcap": 3.234354733523853,
      "java_rmi.pcap": 3.814825367342925,
      "java_rmi2.pcap": 3.8179563654497946,
      "mirai.pcap": 5.15299763004638,
      "netbios_ssn.pcap": 3.8610712293676404,
      "netbios_ssn2.pcap": 3.8610717900856146,
      "replayAttacks.pcap": 7.4783084543220495,
      "ruby_drb.pcap": 3.881515896122691,
      "ruby_drb2.pcap": 3.881515896122691,
      "smtp.pcap": 3.893182353860528,
      "smtp22.pcap": 3.893006807248268,
      "tomcat.pcap": 6.451578701975979,
      "tomcat2.pcap": 6.451578701975979,
      "unreallrcd.pcap": 3.8581386086822254,
      "unreallrcd2.pcap": 3.8586331943830734,
      "vsftpd.pcap": 3.883045911397277,
      "vsftpd2.pcap": 3.883045911397277,
      "zeus.pcap": 6.763973849055902
    }
  },
  "holdout": {
    "benign_file": "scratch/archive_upload/normal2.pcap",
    "attack_file": "scratch/archive_upload/0day.pcap",
    "num_benign_windows": 34043,
    "num_attack_windows": 7572,
    "results": {
      "youden": {
        "threshold": 2.203191041946411,
        "holdout_benign_false_positive_rate": 0.9896307610962606,
        "holdout_attack_detection_rate": 1.0
      },
      "target_fpr": {
        "threshold": 8.007892608642578,
        "holdout_benign_false_positive_rate": 0.02720089298827953,
        "holdout_attack_detection_rate": 0.02416798732171157
      }
    }
  }
}