{
  "checkpoint_path": "checkpoints/latest_patcher_ep0_gs750000_mid_epoch.pt",
  "max_sequence_length": 512,
  "score_agg": "topk",
  "topk_frac": 0.1,
  "calibration": {
    "benign_file": "scratch/archive_upload/normal.pcap",
    "attack_files": [
      "blackEnergy.pcap",
      "distcc_exec_backdoor.pcap",
      "distcc_exec_backdoor2.pcap",
      "hydra_ftp.pcap",
      "hydra_ftp2.pcap",
      "hydra_ssh.pcap",
      "hydra_ssh2.pcap",
      "java_rmi.pcap",
      "java_rmi2.pcap",
      "mirai.pcap",
      "netbios_ssn.pcap",
      "netbios_ssn2.pcap",
      "replayAttacks.pcap",
      "ruby_drb.pcap",
      "ruby_drb2.pcap",
      "smtp.pcap",
      "smtp22.pcap",
      "tomcat.pcap",
      "tomcat2.pcap",
      "unreallrcd.pcap",
      "unreallrcd2.pcap",
      "vsftpd.pcap",
      "vsftpd2.pcap",
      "zeus.pcap"
    ],
    "num_benign_windows": 13614,
    "num_attack_windows": 314411,
    "auc": 0.7023489462454419,
    "youden": {
      "threshold": 18.847185134887695,
      "tpr": 0.4532443203323039,
      "fpr": 0.00954899368297341
    },
    "target_fpr": {
      "requested": 0.01,
      "threshold": 18.82894515991211,
      "tpr": 0.45350512545680655,
      "fpr": 0.009989716468341413
    },
    "per_file_mean_score": {
      "benign_calibration": 13.209075003971837,
      "blackEnergy.pcap": 17.946895793244078,
      "distcc_exec_backdoor.pcap": 14.72965104956376,
      "distcc_exec_backdoor2.pcap": 14.72965104956376,
      "hydra_ftp.pcap": 12.532151520566488,
      "hydra_ftp2.pcap": 12.532151520566488,
      "hydra_ssh.pcap": 12.211832391742805,
      "hydra_ssh2.pcap": 12.211842556332433,
      "java_rmi.pcap": 15.192923281896427,
      "java_rmi2.pcap": 15.306539430163996,
      "mirai.pcap": 22.642353752367963,
      "netbios_ssn.pcap": 13.99577232393469,
      "netbios_ssn2.pcap": 13.99578166080111,
      "replayAttacks.pcap": 13.250957176215543,
      "ruby_drb.pcap": 14.017528447065443,
      "ruby_drb2.pcap": 14.017528447065443,
      "smtp.pcap": 13.882993602188382,
      "smtp22.pcap": 13.883886388067664,
      "tomcat.pcap": 11.800281209281728,
      "tomcat2.pcap": 11.800281209281728,
      "unreallrcd.pcap": 14.189059294423485,
      "unreallrcd2.pcap": 14.208190006620633,
      "vsftpd.pcap": 13.933763168835908,
      "vsftpd2.pcap": 13.933763168835908,
      "zeus.pcap": 11.298603469456705
    }
  },
  "holdout": {
    "benign_file": "scratch/archive_upload/normal2.pcap",
    "attack_file": "scratch/archive_upload/0day.pcap",
    "num_benign_windows": 34043,
    "num_attack_windows": 7572,
    "results": {
      "youden": {
        "threshold": 18.847185134887695,
        "holdout_benign_false_positive_rate": 0.00011749845783274095,
        "holdout_attack_detection_rate": 0.031959852086634974
      },
      "target_fpr": {
        "threshold": 18.82894515991211,
        "holdout_benign_false_positive_rate": 0.00011749845783274095,
        "holdout_attack_detection_rate": 0.032091917591125195
      }
    }
  }
}